attendance_pct,study_hours_per_week,assignment_avg,internal_marks,prev_exam_score,assignment_completion,participation_level,num_backlogs,final_score,performance_category
89.4,22.5,65.9,44.9,75.1,60.2,1,0,75.6,Good
45.1,1.4,40.7,21.5,50.1,51.0,2,3,32.29,Needs Improvement
73.7,23.8,84.0,31.5,76.5,60.9,2,0,71.21,Good
77.2,9.3,49.3,21.7,55.4,79.0,2,0,55.46,Average
75.9,19.1,62.4,35.3,60.4,74.7,2,0,69.39,Good
82.1,28.5,67.8,44.9,76.5,84.5,2,2,74.93,Good
90.4,23.6,87.0,38.8,77.1,82.7,1,1,76.71,Good
57.4,14.5,61.6,26.7,66.0,77.1,0,1,51.05,Average
40.7,9.0,43.6,13.4,26.7,30.5,1,2,30.35,Needs Improvement
99.5,30.4,84.7,41.8,83.1,96.1,0,0,85.06,Excellent
49.9,11.6,41.0,25.6,52.0,52.3,0,3,35.12,Needs Improvement
79.6,12.7,57.6,32.7,43.5,73.8,1,1,54.66,Average
82.0,26.5,80.9,40.8,79.9,84.3,1,0,73.96,Good
40.5,2.8,56.2,19.5,33.1,30.4,2,3,29.5,Needs Improvement
80.9,25.2,73.5,38.5,64.9,65.0,0,0,73.39,Good
87.9,22.2,64.6,31.4,84.6,74.6,1,1,65.96,Good
83.5,28.7,84.9,49.5,84.8,99.5,2,0,86.58,Excellent
56.4,7.4,51.0,24.5,44.1,44.3,0,1,39.19,Needs Improvement
91.7,17.4,78.1,45.3,79.5,61.5,0,0,74.79,Good
83.8,18.0,80.3,32.5,58.5,88.3,1,1,67.94,Good
90.8,28.2,91.1,42.6,75.5,97.5,2,0,83.06,Excellent
94.7,30.6,99.8,42.4,87.6,92.1,2,1,86.02,Excellent
77.7,18.7,86.9,38.6,82.4,73.7,1,0,71.72,Good
71.0,29.3,66.8,31.7,67.8,94.5,1,0,70.6,Good
46.5,10.1,53.8,27.1,28.7,63.5,1,3,36.91,Needs Improvement
86.5,31.9,89.8,42.5,92.8,82.3,2,0,87.15,Excellent
98.8,26.1,93.3,45.5,75.8,94.6,2,0,84.24,Excellent
64.3,11.1,58.8,21.6,41.9,50.2,1,0,49.91,Needs Improvement
69.9,12.8,71.7,30.1,42.1,55.7,1,1,56.21,Average
88.9,24.9,68.7,36.9,77.7,80.9,0,1,72.03,Good
99.8,29.2,79.6,45.1,98.8,94.0,2,0,89.9,Excellent
71.2,16.2,69.1,33.9,87.4,64.3,2,0,70.29,Good
96.4,28.9,92.7,40.1,98.1,91.1,2,0,89.34,Excellent
57.5,15.6,65.4,36.3,51.8,69.4,1,0,62.33,Average
58.9,5.9,46.9,12.9,28.5,54.8,1,0,39.56,Needs Improvement
71.6,24.7,82.7,42.6,72.2,60.0,0,0,73.89,Good
85.3,24.6,87.7,33.9,86.9,83.7,2,0,79.53,Good
44.7,2.2,50.0,14.2,52.8,60.0,0,1,34.99,Needs Improvement
73.4,16.2,74.9,26.5,45.4,57.9,2,1,57.68,Average
56.8,7.1,47.2,25.8,26.5,39.8,1,1,45.06,Needs Improvement
69.6,27.7,67.1,45.7,71.8,92.3,2,1,76.42,Good
69.6,15.4,70.2,20.9,55.9,54.1,1,1,55.3,Average
98.9,29.7,87.4,44.4,93.3,83.6,2,0,92.31,Excellent
71.3,20.3,50.7,28.0,54.7,80.0,0,3,51.13,Average
48.2,5.6,53.5,20.2,45.6,41.1,1,0,35.5,Needs Improvement
54.6,9.9,37.4,16.1,40.1,64.8,0,3,28.55,Needs Improvement
57.0,2.7,55.5,12.9,52.9,31.5,2,4,30.8,Needs Improvement
60.4,8.7,40.5,14.9,33.1,35.1,0,3,27.94,Needs Improvement
97.9,27.2,93.8,49.5,99.2,85.0,2,0,91.04,Excellent
61.4,4.4,46.5,26.8,48.4,34.2,1,2,35.21,Needs Improvement
58.8,3.5,45.4,24.8,45.9,35.4,2,0,45.2,Needs Improvement
56.1,17.6,53.3,36.5,68.5,77.0,1,1,58.28,Average
60.0,17.5,51.2,27.6,46.4,71.9,1,1,51.4,Average
89.6,34.3,87.1,40.9,96.2,85.1,1,0,88.6,Excellent
79.6,16.9,49.5,35.6,66.8,64.7,0,0,60.35,Average
57.2,3.9,53.5,22.4,32.2,58.0,0,1,38.96,Needs Improvement
57.5,20.7,55.8,20.7,44.7,72.3,0,0,50.81,Average
58.2,2.1,39.5,20.4,36.5,35.2,0,2,28.35,Needs Improvement
59.1,14.4,51.3,37.5,59.4,61.6,0,0,54.16,Average
52.3,4.5,36.5,21.4,47.4,57.0,0,1,30.05,Needs Improvement
99.3,29.7,86.7,47.2,94.9,85.1,2,0,92.0,Excellent
78.5,23.4,69.6,45.9,59.8,69.4,1,0,69.3,Good
84.4,18.3,76.0,33.6,65.2,70.6,2,1,62.89,Average
93.9,32.1,97.3,43.8,95.0,99.5,2,0,92.23,Excellent
57.2,11.5,48.7,13.5,43.9,40.9,0,1,42.28,Needs Improvement
54.7,7.5,44.1,14.2,38.3,49.8,0,1,30.0,Needs Improvement
86.6,27.7,89.4,45.0,89.8,82.1,2,0,82.49,Excellent
48.5,11.5,35.6,18.1,33.5,45.1,0,4,28.73,Needs Improvement
67.3,10.5,60.2,37.1,71.8,50.7,0,1,55.34,Average
75.7,22.3,83.4,40.0,81.5,63.8,2,0,80.54,Excellent
82.3,20.1,81.9,37.3,66.4,81.1,2,0,77.07,Good
68.2,16.2,89.6,42.3,80.4,92.1,2,0,75.26,Good
90.1,21.2,68.8,33.5,58.3,76.3,1,2,63.51,Average
87.8,27.2,78.1,35.7,62.4,82.6,0,1,67.65,Good
71.6,19.3,75.1,45.7,84.3,85.2,1,2,68.59,Good
88.7,25.6,73.0,44.0,67.6,71.6,1,0,78.03,Good
91.9,26.3,86.6,35.7,75.8,71.1,2,2,79.98,Good
49.6,9.5,44.8,27.0,49.0,59.0,0,1,41.82,Needs Improvement
85.8,29.8,82.8,42.6,82.4,81.6,0,0,79.9,Good
83.5,31.8,89.7,42.2,83.0,84.1,1,0,84.5,Excellent
73.0,9.8,48.7,26.2,42.2,71.7,1,1,44.61,Needs Improvement
57.9,3.8,42.1,21.0,47.0,43.6,2,3,34.6,Needs Improvement
83.6,28.7,82.2,46.4,97.2,89.0,2,0,83.37,Excellent
61.1,10.8,72.2,25.4,49.7,67.4,1,1,52.14,Average
89.3,23.7,75.2,43.0,76.2,87.2,1,0,78.25,Good
55.1,16.5,57.5,36.7,70.0,60.2,1,0,55.77,Average
66.7,21.7,53.8,22.8,72.0,47.0,0,1,52.91,Average
89.7,32.0,87.2,41.4,95.0,88.3,2,1,88.58,Excellent
78.2,25.0,75.8,44.8,73.2,93.0,1,0,75.55,Good
68.8,16.7,64.3,41.1,87.6,61.7,2,1,70.17,Good
70.3,17.7,71.4,31.7,71.4,65.4,1,1,67.57,Good
87.0,32.1,92.3,46.6,96.6,81.2,2,0,94.3,Excellent
87.3,16.4,86.1,30.6,67.4,77.8,1,0,64.94,Average
74.3,23.9,75.2,37.2,59.8,66.1,2,0,69.36,Good
95.1,31.7,84.8,42.2,91.2,80.4,0,0,88.31,Excellent
69.7,23.4,86.4,42.1,80.5,81.0,1,0,79.09,Good
55.9,5.8,41.5,24.2,54.4,48.4,1,2,34.16,Needs Improvement
46.2,5.1,52.2,24.7,31.1,42.8,1,2,28.81,Needs Improvement
89.8,25.6,89.7,43.2,82.7,85.9,2,0,78.72,Good
45.0,8.9,39.1,18.7,29.4,54.5,0,3,24.39,Needs Improvement
60.2,21.7,58.5,31.8,53.1,78.7,1,0,58.03,Average
98.8,34.4,80.9,49.9,78.9,90.7,2,0,90.44,Excellent
53.9,10.9,42.1,13.6,46.9,47.8,0,0,40.13,Needs Improvement
84.0,19.0,78.3,41.8,60.0,73.2,1,1,68.25,Good
76.8,24.8,70.0,30.7,74.9,66.4,2,1,72.89,Good
50.1,4.6,45.7,24.9,29.3,41.0,1,1,41.15,Needs Improvement
74.9,27.5,82.8,32.9,75.8,69.5,2,2,75.17,Good
63.5,21.7,63.9,23.5,53.8,68.6,0,1,51.64,Average
74.0,27.6,78.3,35.9,74.5,90.0,2,0,76.58,Good
76.5,19.8,50.3,26.7,60.1,61.3,0,0,57.06,Average
77.0,21.9,74.7,25.1,70.6,72.7,1,0,69.24,Good
89.9,29.2,98.4,44.9,97.8,89.0,1,0,87.97,Excellent
82.5,25.7,80.8,37.0,64.3,72.4,0,0,68.6,Good
44.3,10.4,40.3,26.4,54.6,40.7,1,1,37.24,Needs Improvement
85.6,27.8,98.0,47.2,88.0,82.0,2,0,90.3,Excellent
69.9,21.2,79.6,45.0,63.1,69.0,1,0,74.63,Good
59.1,9.3,52.5,23.3,46.0,53.0,0,0,43.16,Needs Improvement
67.9,19.7,56.9,35.6,58.3,54.6,2,0,64.46,Average
79.6,9.8,62.6,29.7,60.2,74.0,1,0,58.05,Average
55.4,7.4,50.2,15.7,48.4,52.8,0,5,28.11,Needs Improvement
61.6,18.8,74.2,37.6,69.2,47.6,1,0,68.62,Good
62.0,16.5,60.7,35.1,69.8,53.1,0,0,56.02,Average
79.5,19.2,73.2,33.5,61.0,62.0,2,1,63.66,Average
64.4,14.2,67.2,23.4,62.6,80.5,1,1,51.41,Average
61.2,9.9,59.0,36.4,64.8,71.4,1,1,51.39,Average
76.3,16.7,50.8,22.8,48.5,68.3,1,2,45.12,Needs Improvement
92.3,25.2,93.7,45.2,79.0,88.8,2,0,95.35,Excellent
68.6,14.7,64.7,36.2,48.6,62.6,1,0,53.85,Average
64.9,16.4,60.5,34.6,63.6,67.9,0,0,59.01,Average
75.8,28.8,85.9,40.4,82.7,85.7,1,2,74.9,Good
61.3,8.1,48.4,14.2,28.7,37.6,1,3,34.58,Needs Improvement
71.9,21.9,52.5,24.9,65.0,59.8,1,4,48.21,Needs Improvement
88.2,30.1,83.8,49.5,81.7,95.0,2,1,83.14,Excellent
72.3,24.3,88.1,34.2,84.5,79.1,1,1,71.17,Good
73.5,12.2,60.1,20.4,49.3,53.8,0,1,45.78,Needs Improvement
52.5,6.7,53.0,20.5,48.3,59.3,1,4,34.17,Needs Improvement
77.5,14.9,57.7,21.7,57.7,53.0,2,4,41.75,Needs Improvement
57.1,2.9,35.3,25.5,36.3,39.7,1,3,29.61,Needs Improvement
41.4,4.0,55.1,18.0,38.1,62.9,0,2,31.68,Needs Improvement
78.3,17.3,86.1,44.2,75.6,83.1,1,3,72.8,Good
52.3,4.1,48.9,13.5,32.2,41.0,1,2,26.98,Needs Improvement
69.6,11.6,62.2,27.0,49.5,75.0,1,0,52.53,Average
83.1,31.0,81.9,41.2,99.9,91.4,0,0,83.91,Excellent
58.2,10.6,59.2,37.0,56.6,72.0,1,1,52.64,Average
77.9,8.7,55.0,33.0,62.1,65.5,0,0,52.36,Average
82.4,24.3,85.0,30.8,69.0,87.3,1,0,77.23,Good
59.6,7.4,38.3,13.6,39.4,34.7,1,1,34.49,Needs Improvement
59.5,13.5,58.7,29.3,61.7,47.7,2,1,50.88,Average
79.7,19.8,83.6,43.5,78.2,81.3,0,0,69.23,Good
95.7,27.1,92.6,44.4,91.2,85.6,1,0,88.68,Excellent
61.5,7.9,50.2,18.3,37.6,36.4,0,0,37.24,Needs Improvement
74.0,14.4,70.2,28.9,67.4,68.7,1,1,55.99,Average
57.7,1.3,56.3,17.2,51.4,49.2,1,1,37.48,Needs Improvement
52.2,5.9,48.8,12.8,53.1,52.7,0,0,33.8,Needs Improvement
97.8,25.4,96.2,44.5,93.2,97.7,1,0,81.17,Excellent
81.3,20.0,80.0,36.6,65.0,83.7,1,1,69.75,Good
55.3,5.2,42.3,21.5,27.6,36.1,2,1,30.04,Needs Improvement
77.4,19.7,61.5,22.8,66.0,48.3,0,0,60.28,Average
77.7,22.4,81.6,38.5,63.5,86.6,2,0,77.21,Good
54.7,10.1,54.1,23.8,44.7,32.5,0,1,40.74,Needs Improvement
70.3,14.1,48.9,35.8,41.9,59.9,2,3,47.83,Needs Improvement
87.9,27.7,79.2,41.8,76.4,86.6,1,0,80.64,Excellent
95.6,26.8,89.5,42.3,79.4,87.9,2,0,91.55,Excellent
55.0,7.9,46.6,22.3,50.5,44.4,0,1,35.54,Needs Improvement
97.3,30.6,93.5,40.8,93.2,99.9,1,0,88.27,Excellent
86.7,32.3,85.5,46.5,89.7,83.8,2,0,95.06,Excellent
50.3,9.3,38.0,27.7,46.5,45.0,1,3,31.02,Needs Improvement
57.3,2.0,37.2,20.1,45.1,46.0,0,2,26.81,Needs Improvement
96.3,34.4,92.5,41.6,92.2,81.4,1,0,88.24,Excellent
76.8,11.0,59.8,34.2,68.7,50.0,1,0,59.73,Average
50.5,2.6,37.8,22.2,33.9,37.9,0,5,22.8,Needs Improvement
63.0,17.2,61.1,27.3,63.9,58.0,0,0,55.7,Average
96.3,34.5,79.5,44.8,87.7,84.4,0,0,90.92,Excellent
65.5,10.1,70.1,37.4,51.1,52.8,2,0,60.44,Average
73.1,11.9,52.0,22.9,53.7,46.3,1,0,55.12,Average
77.0,21.3,72.0,36.8,64.4,45.9,1,4,52.9,Average
70.6,16.2,82.7,32.6,79.2,66.8,2,0,68.19,Good
61.5,13.6,63.8,29.6,59.6,57.9,2,4,43.99,Needs Improvement
57.6,13.6,71.6,22.9,62.7,59.6,2,0,56.77,Average
91.4,16.6,84.6,34.4,59.9,85.4,2,1,72.36,Good
82.1,18.3,66.9,33.3,77.5,62.2,2,0,68.92,Good
78.8,11.4,55.1,34.9,47.2,54.1,1,2,50.23,Average
69.2,25.3,86.4,32.4,70.3,88.4,0,0,70.44,Good
86.3,26.1,71.6,40.2,60.6,89.8,2,0,79.33,Good
89.9,31.2,87.5,46.1,97.6,89.9,2,0,93.62,Excellent
73.3,21.3,58.6,29.4,56.9,63.6,2,0,64.7,Average
75.1,26.5,89.7,30.3,83.8,77.2,2,2,77.12,Good
46.7,8.3,44.5,23.6,50.5,56.0,0,2,37.87,Needs Improvement
62.4,13.7,49.2,27.0,46.2,66.4,1,0,51.22,Average
59.1,9.9,66.3,37.9,50.0,77.7,1,3,47.18,Needs Improvement
95.6,31.2,80.3,43.7,92.7,91.1,2,1,87.68,Excellent
80.7,26.5,65.8,38.8,58.1,79.4,2,0,68.62,Good
72.9,21.7,85.4,30.9,65.3,60.5,2,0,73.11,Good
76.5,20.7,78.0,32.2,78.0,92.2,0,1,69.07,Good
61.3,20.9,68.9,26.0,55.2,79.9,1,1,52.38,Average
68.9,18.2,67.5,25.8,46.3,70.5,2,0,63.75,Average
77.6,15.9,53.2,32.0,45.6,74.1,2,1,60.37,Average
79.8,13.6,70.5,32.0,43.4,79.2,0,2,56.44,Average
79.5,13.7,70.4,22.5,57.6,74.4,2,0,57.91,Average
90.4,24.5,77.6,31.9,69.3,62.0,1,0,69.43,Good
90.1,31.5,89.2,43.1,94.3,82.1,1,0,89.92,Excellent
43.7,11.3,38.3,21.2,30.8,52.4,0,4,31.06,Needs Improvement
67.1,22.0,58.2,33.9,63.9,73.3,2,0,65.61,Good
64.4,17.3,62.1,27.8,52.5,74.1,2,0,56.89,Average
66.7,20.0,58.4,31.4,45.6,77.4,2,1,60.85,Average
68.8,21.7,73.1,22.3,67.9,71.3,2,0,61.68,Average
76.9,21.1,71.4,21.1,53.8,77.6,0,3,52.27,Average
41.3,7.1,40.4,24.5,26.2,34.2,0,1,32.83,Needs Improvement
86.5,28.9,91.4,45.5,84.6,82.3,2,0,93.4,Excellent
82.3,25.7,89.2,32.0,69.8,61.4,2,1,75.55,Good
61.3,12.5,53.8,32.1,55.3,55.9,1,0,49.33,Needs Improvement
67.9,16.9,50.5,37.3,61.2,78.9,1,1,59.7,Average
73.6,29.1,73.0,39.5,61.8,64.5,1,0,75.48,Good
69.7,23.7,73.8,35.3,87.1,65.6,2,0,75.1,Good
69.0,25.0,68.5,31.6,83.6,88.6,1,2,62.52,Average
74.2,23.0,87.0,38.4,86.4,83.5,1,1,76.31,Good
71.8,17.2,82.3,45.5,71.3,72.4,0,0,73.83,Good
61.1,10.2,56.7,24.3,48.8,66.5,0,1,44.28,Needs Improvement
91.8,23.6,75.1,36.6,79.3,94.5,2,0,73.54,Good
78.5,20.4,73.0,23.6,66.7,62.3,2,0,66.05,Good
89.6,29.0,69.6,32.0,80.5,92.6,1,0,77.08,Good
72.2,28.1,77.7,31.7,67.6,92.1,1,1,66.14,Good
42.9,4.6,38.0,18.2,49.8,46.6,2,3,30.78,Needs Improvement
56.8,20.8,64.5,37.6,65.4,53.5,1,0,69.11,Good
67.9,17.2,65.6,35.7,46.3,49.4,2,0,69.02,Good
81.3,25.5,76.1,37.3,66.0,69.0,1,0,77.73,Good
78.8,21.9,57.3,26.8,52.6,47.9,2,0,62.67,Average
96.8,29.3,86.2,42.4,88.5,95.8,2,1,89.57,Excellent
81.8,20.7,85.0,45.8,86.7,86.6,2,0,83.06,Excellent
42.5,1.2,37.5,16.6,52.3,34.1,1,2,24.6,Needs Improvement
68.8,16.9,65.6,26.7,66.3,53.3,1,0,61.27,Average
51.0,9.2,35.5,21.6,43.5,59.3,1,4,26.7,Needs Improvement
91.3,26.4,95.8,44.2,81.9,94.1,2,0,87.46,Excellent
56.7,5.0,43.6,17.1,48.2,64.3,0,2,25.57,Needs Improvement
86.1,19.7,69.0,38.9,72.2,72.8,0,1,68.81,Good
86.0,19.5,73.0,35.1,60.4,85.0,0,0,72.1,Good
88.3,24.2,88.6,39.4,82.9,71.6,2,1,81.48,Excellent
70.2,17.3,55.0,34.6,66.1,68.6,1,0,61.14,Average
73.6,17.1,63.3,29.4,49.9,64.4,1,0,67.3,Good
60.1,11.6,60.9,22.1,55.9,71.3,0,1,44.32,Needs Improvement
91.0,26.7,83.9,36.1,72.9,72.3,1,0,79.51,Good
79.0,13.6,53.8,27.2,65.3,59.7,1,0,58.58,Average
85.0,32.2,86.7,45.4,80.5,98.4,1,0,83.16,Excellent
48.2,11.0,56.5,12.7,47.9,50.0,0,2,37.89,Needs Improvement
86.4,28.0,77.5,45.1,80.9,63.3,0,1,78.55,Good
71.6,12.8,52.1,33.4,47.3,78.6,0,1,53.78,Average
48.9,6.7,54.0,14.7,29.7,54.7,0,2,34.42,Needs Improvement
45.0,2.1,56.3,16.3,38.8,50.0,1,1,29.71,Needs Improvement
79.7,21.9,87.1,40.9,77.6,91.5,2,0,79.79,Good
58.3,11.9,63.2,29.6,64.1,81.3,1,1,50.57,Average
90.4,34.6,88.9,48.0,94.2,94.9,2,1,89.86,Excellent
81.6,28.9,80.6,39.5,65.4,83.0,2,0,82.97,Excellent
85.0,27.8,80.1,49.1,87.1,84.0,2,0,81.8,Excellent
62.6,19.8,72.0,37.0,71.8,80.5,2,2,65.74,Good
69.7,28.4,85.7,31.9,85.4,75.8,0,0,76.5,Good
86.4,28.2,98.1,41.4,92.6,90.8,2,1,82.62,Excellent
76.6,18.1,54.0,26.8,51.4,78.8,0,0,57.41,Average
84.7,21.6,72.1,36.7,76.4,63.3,1,1,74.78,Good
75.0,15.1,65.7,31.1,55.3,54.1,0,0,61.33,Average
92.3,30.4,97.0,48.5,95.9,94.0,2,0,95.25,Excellent
80.0,27.4,67.6,43.5,84.3,82.4,0,0,77.0,Good
65.2,18.2,68.3,35.8,53.6,46.9,0,2,53.62,Average
84.4,21.5,76.3,33.5,81.7,62.8,1,1,70.82,Good
77.0,19.5,68.2,36.6,54.0,48.6,0,3,53.61,Average
69.2,18.3,74.3,32.4,64.3,66.6,2,1,62.5,Average
68.2,13.9,63.3,26.3,41.2,54.1,2,0,52.17,Average
86.5,27.8,97.4,44.5,90.4,99.7,2,0,87.26,Excellent
68.4,18.4,69.6,30.4,71.8,62.3,1,1,61.95,Average
82.0,16.4,76.7,37.3,71.5,64.9,2,1,72.51,Good
68.0,12.5,55.0,30.7,51.9,53.4,1,0,55.47,Average
67.0,8.3,66.3,30.2,69.1,46.1,0,0,52.92,Average
70.4,18.7,51.1,29.8,52.9,64.7,2,0,60.41,Average
78.8,15.2,50.6,29.7,51.9,56.4,1,0,54.08,Average
88.1,29.3,77.8,41.1,66.5,71.6,1,3,76.77,Good
72.1,23.3,89.8,33.9,81.9,82.1,2,0,75.21,Good
68.3,20.5,84.7,42.0,78.9,62.7,2,2,66.01,Good
83.2,18.7,81.8,39.8,85.6,82.7,2,3,66.05,Good
83.9,25.1,67.2,32.4,62.5,87.7,2,0,80.1,Excellent
73.0,19.3,75.0,31.2,67.7,66.8,0,0,66.13,Good
77.2,17.2,68.3,21.8,56.2,56.3,0,2,51.58,Average
85.4,23.0,74.7,32.7,65.7,69.5,2,1,72.13,Good
65.3,22.0,63.8,36.9,66.1,49.9,2,0,67.1,Good
94.3,26.5,88.2,42.0,89.7,89.5,2,0,84.39,Excellent
57.5,9.9,61.3,23.7,48.5,49.4,1,3,43.47,Needs Improvement
79.0,12.8,53.6,37.7,63.8,73.9,1,0,61.32,Average
84.8,31.5,78.9,42.0,94.7,80.1,1,0,79.84,Good
77.0,26.8,83.3,40.0,81.3,71.6,2,1,76.65,Good
95.6,33.4,96.0,41.8,79.5,98.0,2,0,88.89,Excellent
69.6,27.6,73.0,35.3,63.5,84.5,2,1,72.05,Good
71.3,17.6,86.2,40.9,85.4,66.5,1,0,69.24,Good
72.5,25.0,68.4,35.1,60.7,84.9,2,1,67.99,Good
88.8,21.6,82.4,37.9,62.7,68.9,1,0,77.93,Good
78.5,17.7,75.9,46.0,64.5,80.7,0,0,68.57,Good
71.6,21.3,86.5,31.0,65.3,62.0,1,0,68.53,Good
64.9,8.0,70.2,30.2,60.7,76.3,1,1,51.72,Average
68.1,12.5,49.6,35.0,67.7,63.3,1,0,53.83,Average
68.6,19.9,68.3,30.5,63.5,66.7,0,0,62.35,Average
96.4,31.3,86.8,44.7,89.3,88.1,2,1,89.93,Excellent
94.3,31.8,98.8,41.4,85.7,86.7,1,0,93.74,Excellent
91.2,33.0,82.6,43.1,88.0,93.6,2,0,87.32,Excellent
94.1,32.8,96.7,41.4,92.4,81.4,0,0,84.95,Excellent
59.0,11.8,65.1,31.3,52.1,57.8,0,0,52.72,Average
81.2,23.5,68.9,37.0,85.9,84.1,0,0,67.7,Good
59.9,11.5,55.3,27.7,55.0,55.5,2,2,49.06,Needs Improvement
73.3,18.5,58.8,35.1,43.5,75.4,1,0,62.42,Average
58.4,20.9,53.5,35.2,67.1,46.0,0,0,60.07,Average
90.8,23.5,86.8,45.1,88.0,91.7,1,1,79.64,Good
61.1,19.1,59.7,29.7,64.7,61.6,1,5,43.28,Needs Improvement
69.2,8.9,71.2,33.9,60.4,51.0,0,0,51.96,Average
55.3,13.5,58.7,35.4,61.5,76.5,1,2,54.45,Average
86.1,29.6,76.9,40.6,84.7,63.4,1,1,79.81,Good
66.2,10.7,51.5,37.6,47.5,75.6,1,0,55.03,Average
79.6,29.3,86.7,39.1,69.2,71.6,1,0,74.58,Good
86.1,20.1,62.9,36.1,66.1,65.1,1,0,66.44,Good
72.1,14.6,57.9,28.7,54.7,73.1,1,3,51.8,Average
72.8,17.5,67.9,41.8,82.0,93.6,1,0,73.33,Good
87.4,34.6,78.0,45.0,82.3,80.6,2,0,89.11,Excellent
60.8,19.1,48.0,20.1,55.0,54.4,1,2,51.25,Average
78.0,17.4,71.9,36.4,65.6,90.2,1,1,67.2,Good
78.0,21.2,84.9,37.4,74.5,94.9,1,0,78.61,Good
77.8,8.6,52.8,27.5,63.9,77.4,2,0,56.81,Average
95.0,28.3,90.0,41.5,90.5,82.7,2,0,84.67,Excellent
58.3,7.5,41.6,17.9,54.9,57.6,2,2,39.75,Needs Improvement
94.9,29.4,90.3,45.5,77.4,90.4,1,0,85.71,Excellent
52.2,8.4,55.0,21.8,49.0,36.1,1,2,42.07,Needs Improvement
91.7,23.1,74.0,43.4,70.5,93.4,2,1,81.17,Excellent
42.0,1.5,38.8,20.4,46.3,37.3,0,0,32.14,Needs Improvement
58.3,17.6,63.0,27.9,65.9,70.4,2,0,57.18,Average
67.4,16.5,53.6,21.1,42.6,46.9,1,0,52.74,Average
85.4,16.4,74.9,32.3,87.3,86.7,1,3,62.05,Average
69.5,8.3,59.3,37.5,54.3,62.5,2,0,60.0,Average
54.2,3.9,37.8,15.8,35.9,63.1,0,0,30.15,Needs Improvement
44.2,6.4,52.0,19.4,38.6,44.6,0,2,35.78,Needs Improvement
43.4,5.8,37.8,24.5,28.6,52.2,0,2,28.4,Needs Improvement
63.5,17.4,48.0,20.7,44.2,73.5,1,0,54.7,Average
74.6,13.1,71.6,28.3,68.3,63.7,1,0,57.71,Average
91.9,28.8,68.3,40.4,75.9,86.2,2,0,76.17,Good
69.1,23.1,86.5,36.0,60.5,70.9,1,3,62.44,Average
76.2,9.6,58.3,23.9,44.5,81.6,1,0,57.27,Average
77.4,21.8,56.7,27.1,56.3,72.9,1,0,60.5,Average
40.2,6.4,44.6,19.7,44.5,61.0,0,1,36.81,Needs Improvement
68.4,15.7,60.5,21.6,46.7,76.2,2,3,44.37,Needs Improvement
93.4,25.8,84.5,48.2,97.7,93.7,2,0,88.01,Excellent
71.0,24.7,62.1,33.5,69.4,73.6,0,0,67.25,Good
59.6,16.8,73.3,21.1,60.6,65.9,2,2,50.47,Average
58.3,11.2,46.2,18.7,52.6,52.7,0,2,38.09,Needs Improvement
86.1,26.2,84.0,44.5,84.6,95.5,1,0,82.44,Excellent
88.0,31.5,99.7,40.5,82.0,98.2,2,0,89.66,Excellent
59.0,17.0,68.4,28.7,51.0,52.5,1,0,55.85,Average
74.3,29.2,76.6,36.2,66.5,65.9,0,0,75.02,Good
63.0,17.4,70.3,23.0,71.5,68.0,1,0,53.94,Average
82.9,26.3,99.0,41.6,98.8,93.8,2,0,87.09,Excellent
42.1,4.3,52.8,22.9,44.7,33.2,0,0,34.0,Needs Improvement
68.1,27.1,80.6,35.1,59.0,85.3,2,0,74.4,Good
92.4,25.3,86.5,42.4,79.7,89.7,2,2,78.47,Good
56.3,20.9,51.9,32.2,53.5,62.2,0,0,55.92,Average
72.8,13.9,53.2,20.9,70.9,73.7,1,0,52.74,Average
97.3,25.2,98.3,43.7,75.7,92.8,2,0,83.69,Excellent
74.0,20.0,73.6,34.0,52.9,78.4,1,1,62.32,Average
78.9,20.7,53.7,32.7,54.0,57.5,1,0,64.22,Average
70.5,14.6,61.3,20.1,55.6,52.4,1,0,53.7,Average
78.3,24.5,70.1,42.3,73.5,92.8,1,2,69.28,Good
60.2,8.1,69.8,36.8,61.8,57.3,0,0,55.44,Average
50.4,10.9,53.3,15.2,26.1,59.5,1,3,31.72,Needs Improvement
46.3,6.3,47.8,23.0,50.1,51.9,0,1,39.03,Needs Improvement
47.2,1.9,39.6,20.6,42.6,50.6,0,0,26.3,Needs Improvement
89.6,19.1,87.3,42.1,78.9,86.6,1,1,69.22,Good
80.5,28.8,71.6,40.9,76.3,88.9,0,4,62.19,Average
57.4,18.4,50.7,34.3,68.5,68.5,0,1,51.35,Average
98.3,31.3,88.4,43.6,94.1,82.5,2,0,92.5,Excellent
41.0,8.9,50.6,24.8,53.5,51.4,0,1,40.86,Needs Improvement
95.2,27.7,83.6,46.5,79.5,84.1,2,1,87.64,Excellent
68.3,9.0,57.7,30.2,48.1,64.3,0,1,47.89,Needs Improvement
79.3,17.4,75.8,40.8,62.8,81.4,1,2,64.86,Average
81.9,21.4,82.1,39.3,62.6,83.7,0,0,71.46,Good
78.4,18.9,63.2,35.7,51.5,60.3,2,0,66.48,Good
97.6,25.2,81.1,40.9,84.8,90.5,2,0,85.53,Excellent
64.5,15.4,51.7,25.5,44.9,55.7,1,0,52.0,Average
52.4,2.5,40.4,23.1,25.2,31.9,2,1,31.32,Needs Improvement
66.7,20.5,70.2,34.3,48.7,72.6,1,0,61.76,Average
58.7,21.3,53.9,30.2,46.9,49.7,2,1,57.69,Average
87.9,27.8,82.1,43.6,95.0,87.1,2,0,84.74,Excellent
42.8,2.3,52.2,26.0,35.0,57.4,1,3,28.05,Needs Improvement
76.8,24.8,82.9,43.2,62.8,62.2,1,0,76.33,Good
87.6,33.0,81.1,40.9,97.9,83.5,2,1,88.72,Excellent
54.0,2.2,48.9,14.1,43.2,41.7,2,4,32.83,Needs Improvement
85.5,19.0,84.8,41.7,61.0,83.6,2,2,69.92,Good
49.8,9.6,38.5,21.1,29.7,50.2,0,2,35.08,Needs Improvement
64.9,17.3,64.2,37.1,65.0,81.4,2,1,61.71,Average
49.6,2.9,41.9,19.6,34.1,54.6,0,0,34.74,Needs Improvement
72.8,25.8,70.4,30.4,85.7,79.4,0,0,65.06,Good
95.5,31.1,78.8,49.0,87.5,92.3,2,0,85.96,Excellent
81.7,21.8,84.3,41.3,71.4,69.6,1,0,79.46,Good
78.5,12.7,52.6,31.0,46.1,51.3,1,2,51.97,Average
69.6,18.0,75.9,41.0,64.7,62.9,2,0,69.63,Good
90.6,33.0,82.2,50.0,86.3,89.2,1,1,87.54,Excellent
97.0,26.6,91.6,40.7,85.2,85.0,1,1,86.6,Excellent
84.7,29.4,76.3,33.4,60.9,66.5,0,1,68.98,Good
74.4,9.6,58.6,31.1,40.1,74.5,0,1,55.75,Average
76.3,12.1,70.1,28.2,57.8,77.9,1,1,53.88,Average
65.1,19.4,56.7,21.4,70.4,81.0,1,0,60.91,Average
76.9,16.7,84.4,31.0,58.4,84.9,2,1,65.25,Good
97.4,29.1,85.6,49.3,89.0,91.0,2,0,97.08,Excellent
55.8,14.5,63.2,27.8,67.6,66.0,1,0,58.35,Average
96.7,28.4,93.7,49.2,87.8,83.1,2,0,92.14,Excellent
99.3,25.3,99.1,47.5,90.7,80.3,2,0,85.81,Excellent
69.6,16.5,88.0,30.7,74.3,65.7,2,0,64.38,Average
76.6,18.4,72.9,36.9,80.9,66.6,2,2,63.91,Average
69.9,27.6,88.9,40.4,64.2,67.2,2,0,80.69,Excellent
76.1,18.7,50.9,29.8,50.1,72.5,0,4,47.08,Needs Improvement
70.0,10.8,70.3,31.7,47.7,48.5,1,3,45.06,Needs Improvement
46.9,4.8,57.0,17.9,28.3,41.1,0,2,29.29,Needs Improvement
58.0,19.2,74.4,20.6,45.6,52.8,1,1,51.08,Average
80.9,29.2,64.3,44.8,84.5,69.8,1,1,83.71,Excellent
74.1,12.5,71.2,25.1,53.0,72.6,1,3,43.71,Needs Improvement
88.5,29.2,73.1,34.5,77.5,79.0,0,0,72.36,Good
86.2,24.5,84.9,37.1,58.2,71.8,0,0,74.93,Good
55.5,16.7,49.8,28.9,41.6,54.8,1,2,43.89,Needs Improvement
54.6,7.3,48.7,20.6,51.9,47.6,0,1,32.57,Needs Improvement
85.2,20.7,85.6,45.6,60.9,60.1,1,1,71.27,Good
49.7,8.7,55.5,14.8,28.6,60.9,0,3,28.95,Needs Improvement
99.3,29.3,95.9,41.0,88.5,92.2,2,2,83.79,Excellent
88.1,29.4,80.0,48.5,87.0,81.4,2,0,89.76,Excellent
43.1,1.9,37.4,27.2,55.0,47.9,0,1,26.7,Needs Improvement
83.1,30.6,99.4,40.8,78.0,91.6,2,1,84.89,Excellent
54.6,4.2,38.4,21.9,50.5,54.1,1,5,32.14,Needs Improvement
61.3,11.4,71.0,32.7,70.0,68.7,0,0,56.48,Average
50.3,1.5,51.5,25.7,25.4,31.3,1,1,31.58,Needs Improvement
75.8,28.2,75.8,32.6,75.7,67.8,0,0,67.22,Good
99.9,28.1,89.3,45.8,85.5,97.2,1,0,82.87,Excellent
75.9,23.2,62.3,34.0,76.1,66.1,1,1,68.0,Good
55.4,14.5,69.3,30.8,46.0,59.9,1,1,52.88,Average
73.7,26.9,72.7,33.7,75.8,62.5,2,1,68.87,Good
98.7,27.4,88.9,44.8,82.9,89.0,2,0,81.78,Excellent
57.3,11.3,57.2,17.3,27.7,62.2,0,0,38.53,Needs Improvement
69.1,20.8,62.9,43.0,61.3,65.0,0,0,63.43,Average
80.5,25.5,67.5,42.8,78.5,64.0,2,1,76.35,Good
65.9,15.0,65.8,24.1,56.6,57.2,0,0,57.92,Average
58.1,11.7,54.1,16.0,34.4,40.5,2,1,42.19,Needs Improvement
80.0,17.7,64.0,30.9,79.3,63.4,1,0,64.14,Average
43.5,10.8,37.7,19.9,26.6,35.8,0,2,30.04,Needs Improvement
86.2,16.1,78.1,45.8,65.5,92.5,2,2,70.91,Good
74.9,22.2,73.8,31.9,72.2,90.6,2,0,72.92,Good
64.9,9.8,56.5,20.6,47.7,59.2,0,2,42.67,Needs Improvement
79.1,18.1,84.4,40.3,81.7,82.4,2,1,68.49,Good
83.4,27.6,98.8,42.7,96.4,83.5,2,0,84.31,Excellent
60.3,14.3,52.7,22.1,68.6,64.5,0,1,54.31,Average
70.1,27.6,65.0,30.6,75.2,75.9,1,0,68.82,Good
96.2,27.2,97.4,43.9,78.8,83.7,1,0,87.66,Excellent
69.2,18.0,74.5,37.4,66.3,89.5,2,1,68.53,Good
58.1,17.1,56.7,37.0,42.8,76.7,2,0,56.45,Average
55.5,6.2,56.5,25.6,25.9,48.2,0,2,35.74,Needs Improvement
73.9,24.6,68.3,39.9,62.2,92.8,1,0,71.16,Good
44.4,6.4,38.2,26.7,45.0,55.8,2,0,45.1,Needs Improvement
85.4,31.2,97.1,41.7,91.5,94.5,2,0,88.27,Excellent
73.8,17.8,52.6,20.8,47.6,75.7,1,0,62.91,Average
98.9,32.7,89.2,47.2,77.5,94.5,2,0,85.58,Excellent
62.4,20.0,51.6,23.4,55.8,77.1,0,0,54.18,Average
97.1,27.0,80.9,46.7,88.2,80.7,2,0,84.4,Excellent
57.8,14.2,59.4,37.4,40.5,72.7,0,1,50.29,Average
72.1,12.0,49.8,37.3,48.7,56.1,1,4,43.1,Needs Improvement
43.1,5.8,35.4,22.1,30.9,47.3,2,3,28.46,Needs Improvement
55.0,9.6,49.6,16.8,28.2,42.6,0,0,32.91,Needs Improvement
91.7,22.1,85.0,36.9,75.7,93.8,2,0,78.33,Good
77.2,17.3,73.2,34.4,46.8,51.3,2,1,64.16,Average
58.0,13.9,68.4,24.1,60.6,55.7,1,0,55.27,Average
47.8,3.2,57.4,12.8,53.1,46.6,0,3,29.86,Needs Improvement
87.1,22.5,84.6,34.6,82.6,74.9,2,0,80.77,Excellent
83.6,27.9,82.6,45.7,97.7,85.6,2,0,87.57,Excellent
65.2,12.6,68.5,21.5,66.3,81.5,1,2,47.57,Needs Improvement
79.9,23.3,70.1,35.6,65.3,93.8,2,2,61.66,Average
94.8,31.9,90.0,43.4,76.8,93.1,2,0,90.59,Excellent
76.9,15.6,56.7,37.4,58.2,77.8,0,1,54.94,Average
84.6,17.1,76.8,39.9,77.3,92.1,1,3,71.01,Good
84.6,29.4,86.7,46.0,68.1,70.6,1,2,78.13,Good
82.4,28.5,78.4,44.3,84.9,88.7,2,1,81.3,Excellent
86.3,23.1,66.6,36.1,81.2,94.4,0,0,72.94,Good
85.5,24.7,71.8,31.2,79.3,90.4,1,0,70.33,Good
69.4,16.7,85.5,38.9,72.1,66.8,2,0,72.29,Good
60.1,13.9,67.8,28.3,48.7,70.1,0,1,49.43,Needs Improvement
59.5,10.5,68.3,30.9,44.2,79.7,0,2,44.22,Needs Improvement
55.6,12.8,62.9,23.9,44.1,52.0,2,2,47.6,Needs Improvement
87.0,16.4,68.9,36.6,80.3,90.3,1,1,65.02,Good
61.8,10.1,72.1,20.7,55.3,51.9,0,0,50.57,Average
79.7,29.9,66.7,30.0,87.6,70.1,1,2,70.15,Good
50.2,11.9,38.5,24.8,43.3,35.7,0,0,42.18,Needs Improvement
91.2,29.7,98.3,40.4,82.6,96.7,1,0,87.6,Excellent
75.3,28.6,66.3,34.3,67.3,84.9,1,2,71.85,Good
74.3,10.3,63.6,28.0,66.7,79.1,0,1,51.28,Average
91.2,31.4,90.9,41.9,95.7,96.1,1,0,88.02,Excellent
74.9,20.9,67.9,23.4,70.7,76.4,2,0,65.83,Good
91.4,35.0,85.6,48.3,86.9,81.3,1,0,89.29,Excellent
56.7,6.0,52.9,25.3,41.6,44.1,0,1,38.97,Needs Improvement
61.3,21.1,52.8,25.6,55.3,54.5,0,0,60.45,Average
49.0,11.1,55.0,27.3,48.2,43.0,1,1,46.51,Needs Improvement
69.9,18.5,49.4,28.4,71.4,55.1,2,0,55.21,Average
77.2,24.3,68.4,38.2,74.9,75.9,2,0,69.69,Good
82.2,21.3,81.3,45.0,66.8,84.2,0,0,71.56,Good
93.5,30.7,81.2,49.8,84.2,99.2,2,0,89.19,Excellent
62.4,8.7,50.6,20.5,59.0,74.5,1,3,40.1,Needs Improvement
